epoch,loss
0,0.0074531799817288465
1,0.002740838359859896
