epoch,loss
0,0.20978034287691116
0,0.21579433977603912
0,0.006238028285924786
0,0.009634264406486182
